transcript_id,gene_id,transcript_position,n_reads,probability_modified,kmer,mod_ratio,sample_id,group_id
ENST00000506640,ENSG00000228327,6083,29,0.98085004,GAACT,0.655172414,s1,caud
ENST00000506640,ENSG00000228327,6171,23,0.96554106,AGACT,0.913043478,s1,caud
ENST00000416718,ENSG00000198744,341,801,0.9272295,GGACA,0.666666667,s1,caud
ENST00000360001,ENSG00000078808,1320,157,0.9364344,GGACT,0.687898089,s1,caud
ENST00000360001,ENSG00000078808,1753,194,0.9389701,AAACT,0.567010309,s1,caud
ENST00000660930,ENSG00000078808,1502,45,0.96971035,GGACT,0.777777778,s2,caud
ENST00000465727,ENSG00000078808,1482,42,0.94960374,GGACT,0.761904762,s2,caud
ENST00000263741,ENSG00000078808,1466,42,0.9287609,GGACT,0.761904762,s2,caud
ENST00000494748,ENSG00000078808,2904,81,0.9414204,GGACT,0.765432099,s2,caud
ENST00000494748,ENSG00000078808,3337,111,0.9032081,AAACT,0.558558559,s2,caud
ENST00000478938,ENSG00000078808,1981,68,0.93620807,GGACT,0.779411765,s2,caud
ENST00000478938,ENSG00000078808,2414,97,0.91167724,AAACT,0.556701031,s2,caud
ENST00000379198,ENSG00000176022,2432,22,0.98706114,GGACT,0.909090909,s2,caud
ENST00000379198,ENSG00000176022,2579,27,0.99583006,GGACA,0.962962963,s2,caud
ENST00000379198,ENSG00000176022,2612,31,0.9527462,GGACT,0.677419355,s2,caud
ENST00000492936,ENSG00000131584,4747,61,0.9562727,AGACA,0.770491803,s2,caud
ENST00000354700,ENSG00000131584,3222,78,0.95594776,AGACA,0.794871795,s2,caud
ENST00000467278,ENSG00000131584,2633,76,0.9667796,AGACA,0.868421053,s2,caud