transcript_id,gene_id,transcript_position,n_reads,probability_modified,kmer,mod_ratio,sample_id,group_id,genome_pos,chromosome,dist_up_exon_junc,dist_down_exon_junc,region,gene_name,transcript_type
ENST00000263741,ENSG00000078808,1466,42,0.9287609,GGACT,0.761904762,s2,caud,1228941.0,chr1,6.0,472.0,UTR3,SDF4,protein_coding
ENST00000354700,ENSG00000131584,3222,78,0.95594776,AGACA,0.794871795,s2,caud,1300627.0,chr1,66.0,117.0,UTR3,ACAP3,protein_coding
ENST00000360001,ENSG00000078808,1320,157,0.9364344,GGACT,0.687898089,s1,caud,1223856.0,chr1,113.0,23.0,CDS,SDF4,protein_coding
ENST00000360001,ENSG00000078808,1753,194,0.9389701,AAACT,0.567010309,s1,caud,1228538.0,chr1,409.0,69.0,UTR3,SDF4,protein_coding
ENST00000379198,ENSG00000176022,2612,31,0.9527462,GGACT,0.677419355,s2,caud,1234848.0,chr1,2612.0,192.0,UTR3,B3GALT6,protein_coding
ENST00000379198,ENSG00000176022,2579,27,0.99583006,GGACA,0.962962963,s2,caud,1234815.0,chr1,2579.0,225.0,UTR3,B3GALT6,protein_coding
ENST00000379198,ENSG00000176022,2432,22,0.98706114,GGACT,0.909090909,s2,caud,1234668.0,chr1,2432.0,372.0,UTR3,B3GALT6,protein_coding
ENST00000416718,ENSG00000198744,341,801,0.9272295,GGACA,0.666666667,s1,caud,634716.0,chr1,341.0,205.0,ncRNA,MTCO3P12,unprocessed_pseudogene
ENST00000465727,ENSG00000078808,1482,42,0.94960374,GGACT,0.761904762,s2,caud,1228941.0,chr1,6.0,472.0,UTR3,SDF4,nonsense_mediated_decay
ENST00000467278,ENSG00000131584,2633,76,0.9667796,AGACA,0.868421053,s2,caud,1298659.0,chr1,297.0,91.0,ncRNA,ACAP3,retained_intron
ENST00000478938,ENSG00000078808,1981,68,0.93620807,GGACT,0.779411765,s2,caud,1219068.0,chr1,1226.0,609.0,ncRNA,SDF4,retained_intron
ENST00000478938,ENSG00000078808,2414,97,0.91167724,AAACT,0.556701031,s2,caud,1218635.0,chr1,1659.0,176.0,ncRNA,SDF4,retained_intron
ENST00000492936,ENSG00000131584,4747,61,0.9562727,AGACA,0.770491803,s2,caud,1304658.0,chr1,1272.0,571.0,ncRNA,ACAP3,retained_intron
ENST00000494748,ENSG00000078808,2904,81,0.9414204,GGACT,0.765432099,s2,caud,1219381.0,chr1,1971.0,611.0,ncRNA,SDF4,retained_intron
ENST00000494748,ENSG00000078808,3337,111,0.9032081,AAACT,0.558558559,s2,caud,1218948.0,chr1,2404.0,178.0,ncRNA,SDF4,retained_intron
ENST00000506640,ENSG00000228327,6171,23,0.96554106,AGACT,0.913043478,s1,caud,778607.0,chr1,82.0,322.0,ncRNA,LINC00115,lncRNA
ENST00000506640,ENSG00000228327,6083,29,0.98085004,GAACT,0.655172414,s1,caud,774177.0,chr1,104.0,5.0,ncRNA,LINC00115,lncRNA
ENST00000660930,ENSG00000078808,1502,45,0.96971035,GGACT,0.777777778,s2,caud,,,,,,,
